<?xml version='1.1' encoding='UTF-8'?>
<com.cloudbees.plugins.credentials.SystemCredentialsProvider plugin="credentials@2.3.0">
  <domainCredentialsMap class="hudson.util.CopyOnWriteMap$Hash">
    <entry>
      <com.cloudbees.plugins.credentials.domains.Domain>
        <specifications/>
      </com.cloudbees.plugins.credentials.domains.Domain>
      <java.util.concurrent.CopyOnWriteArrayList>
        <com.cloudbees.plugins.credentials.impl.UsernamePasswordCredentialsImpl>
          <scope>GLOBAL</scope>
          <id>e6a0bf6a-8562-4059-9d97-566f7f41dca8</id>
          <description></description>
          <username>Oneclock</username>
          <password>{AQAAABAAAAAQNMQGusHOtbtjB+y2hX74a4+MsP/8BgjJXaCRXn1JOPE=}</password>
        </com.cloudbees.plugins.credentials.impl.UsernamePasswordCredentialsImpl>
        <com.cloudbees.plugins.credentials.impl.UsernamePasswordCredentialsImpl>
          <scope>GLOBAL</scope>
          <id>68ea8292-deb7-470a-8f3a-d8e4a1d83fc4</id>
          <description></description>
          <username>Mau_lom</username>
          <password>{AQAAABAAAAAQeZdnwhv6+OTh3tCXJhXX73q8banBwOvC6pyCghOTnjI=}</password>
        </com.cloudbees.plugins.credentials.impl.UsernamePasswordCredentialsImpl>
      </java.util.concurrent.CopyOnWriteArrayList>
    </entry>
  </domainCredentialsMap>
</com.cloudbees.plugins.credentials.SystemCredentialsProvider>