<?xml version='1.1' encoding='UTF-8'?>
<hudson.model.UserIdMapper>
  <version>1</version>
  <idToDirectoryNameMap class="concurrent-hash-map">
    <entry>
      <string>mlombano</string>
      <string>mlombano_7828803193406359082</string>
    </entry>
    <entry>
      <string>hvazquez</string>
      <string>hvazquez_6510710909513432127</string>
    </entry>
    <entry>
      <string>alopez</string>
      <string>alopez_3174599579385256934</string>
    </entry>
    <entry>
      <string>jcalderon</string>
      <string>jcalderon_3056821030759314317</string>
    </entry>
    <entry>
      <string>desarrollo17</string>
      <string>desarrollo17_6690919863864014481</string>
    </entry>
    <entry>
      <string>dperez</string>
      <string>dperez_8620481029549805284</string>
    </entry>
    <entry>
      <string>oneclock.technology</string>
      <string>oneclocktechno_5390313618071668285</string>
    </entry>
    <entry>
      <string>ivazquez</string>
      <string>ivazquez_9029131381357064126</string>
    </entry>
    <entry>
      <string>aramirez</string>
      <string>aramirez_3911531737326107190</string>
    </entry>
    <entry>
      <string>desarrollo9</string>
      <string>desarrollo9_8427508427997741144</string>
    </entry>
    <entry>
      <string>calidad1</string>
      <string>calidad1_8870204562457851745</string>
    </entry>
    <entry>
      <string>jlopez</string>
      <string>jlopez_5770023132335778844</string>
    </entry>
  </idToDirectoryNameMap>
</hudson.model.UserIdMapper>